keyword,intent
what is seo,informational
how does technical seo work,informational
how to improve page speed,informational
what is keyword density,informational
how to learn python,informational
seo tutorial for beginners,informational
what is fastapi,informational
how to optimize title tags,informational
why backlinks matter,informational
how search engines crawl websites,informational
what is schema markup,informational
how to write meta descriptions,informational
best seo tools,commercial
best keyword research tools,commercial
top seo agencies,commercial
semrush vs ahrefs,commercial
best python course,commercial
best laptops for coding,commercial
best website audit tool,commercial
top local seo software,commercial
best rank tracker,commercial
best web hosting for seo,commercial
compare seo platforms,commercial
best content optimization tool,commercial
buy seo software,transactional
hire seo consultant,transactional
purchase keyword tool subscription,transactional
buy running shoes online,transactional
book seo audit,transactional
subscribe to seo platform,transactional
download premium seo template,transactional
order website audit,transactional
buy python course,transactional
register for seo training,transactional
purchase domain name,transactional
hire digital marketing agency,transactional
google search console login,navigational
facebook login,navigational
youtube homepage,navigational
linkedin sign in,navigational
semrush login,navigational
ahrefs dashboard,navigational
github login,navigational
gmail inbox,navigational
google analytics login,navigational
wordpress admin,navigational
canva login,navigational
amazon homepage,navigational
